{
    "scenario_path": "c:\\Users\\alera\\Desktop\\ENTPE\\MoCoM\\MOCOM_project_2\\Original network",
    "edges": {
        "E0E1": {
            "speed": 0.29,
            "waitingTime": 97807.0,
            "density": 158.21
        },
        "E1E2": {
            "speed": 1.06,
            "waitingTime": 44346.0,
            "density": 85.94
        },
        "E2E3": {
            "speed": 0.57,
            "waitingTime": 97866.11,
            "density": 178.42
        },
        "E3E4": {
            "speed": 1.99,
            "waitingTime": 27531.0,
            "density": 59.08
        },
        "E4E5": {
            "speed": 12.03,
            "waitingTime": 0.0,
            "density": 5.07
        }
    },
    "global_traffic": {
        "total_vehicles": 7315,
        "avg_duration": 387.0991114149009,
        "avg_waiting": 209.8365003417635,
        "avg_timeLoss": 273.0838263841422
    },
    "bus_specific": {
        "count": 99,
        "avg_duration": 186.27272727272728,
        "avg_waiting": 83.68686868686869
    },
    "emissions": {
        "CO2_kg": 9224.932706000242,
        "NOx_kg": 3.7031515398328385,
        "Fuel_L": 2989.9372600486377
    }
}